{"max": [0.0, 2.6416, 2.1082], "centroid": [-1.216030752542372, 1.5060826779661016, 1.5263065084745764], "id": "61bcde763ccbfe520ab6214a789faf", "numVertices": 118, "min": [-2.44634, 0.0, 0.0]}
