{"max": [0.0, 1.05932, 0.762201], "centroid": [-0.35610674830339195, 0.4003310637798923, 0.43474983653331395], "id": "655102add1989c1064fad3c7b88e6060", "numVertices": 3362, "min": [-0.712309, 0.0, 0.0]}
