{"max": [1.40811, 1.0668, 1.17693], "centroid": [0.7042737313461538, 0.49195682932692325, 0.5817347644230716], "id": "b021f7d705c4113ac7bed72580dc30f", "numVertices": 416, "min": [0.0, 0.0, 0.414932]}
