{"max": [-2.216, 12.0476, 25.0707], "centroid": [-8.686538648706088, 9.332329238091269, 15.668500947180487], "id": "123ac29b0aac8c8e5d07633dda45110", "numVertices": 23533, "min": [-15.1009, 7.746, 4.52506]}
