{"max": [-2.10995, 0.959469, -2.06697], "centroid": [-2.3385512307692404, 0.37724707012307673, -2.3396566923076914], "id": "115b11a77b8d8c3c110a27d1d78196", "numVertices": 260, "min": [-2.56715, 0.0, -2.68888]}
