{"max": [0.05715, 0.900512, 0.089334], "centroid": [-0.4195655201367261, 0.6533599159893612, -0.07168185851044416], "id": "12f4d8c20ef311d988dcbe86402c7c15", "numVertices": 2633, "min": [-0.89535, 0.0, -0.7366]}
