{"max": [0.0111125, 0.897859, 0.508556], "centroid": [-0.32207026426074314, 0.40398912169942786, 0.24975322037189485], "id": "ff969b22a8de5eac30e06a011e63236a", "numVertices": 11912, "min": [-0.6601, -0.00136848, -0.0669513]}
